{
  "model_name": "sepsis_xgboost_kaggle",
  "created_at": "2026-06-17 15:35:03",
  "xgboost_version": "3.2.0",
  "feature_order": [
    "HR",
    "O2Sat",
    "Temp",
    "SBP",
    "MAP",
    "DBP",
    "Resp",
    "EtCO2",
    "BaseExcess",
    "HCO3",
    "FiO2",
    "pH",
    "PaCO2",
    "SaO2",
    "AST",
    "BUN",
    "Alkalinephos",
    "Calcium",
    "Chloride",
    "Creatinine",
    "Bilirubin_direct",
    "Glucose",
    "Lactate",
    "Magnesium",
    "Phosphate",
    "Potassium",
    "Bilirubin_total",
    "TroponinI",
    "Hct",
    "Hgb",
    "PTT",
    "WBC",
    "Fibrinogen",
    "Platelets",
    "Age",
    "Gender",
    "Unit1",
    "Unit2",
    "HospAdmTime",
    "ICULOS"
  ],
  "log_indices": [
    14,
    15,
    16,
    19,
    20,
    22,
    25,
    26,
    27,
    30,
    31,
    32
  ],
  "window_size": 6,
  "base_feature_count": 40,
  "features_per_hour_after_engineering": 120,
  "model_feature_count": 720,
  "optimal_threshold": 0.53,
  "best_iteration": 381,
  "params": {
    "objective": "binary:logistic",
    "eval_metric": [
      "logloss",
      "aucpr",
      "auc"
    ],
    "eta": 0.035,
    "max_depth": 4,
    "min_child_weight": 8,
    "subsample": 0.85,
    "colsample_bytree": 0.85,
    "lambda": 2.0,
    "alpha": 0.2,
    "scale_pos_weight": 54.543762781186096,
    "tree_method": "hist",
    "max_bin": 256,
    "seed": 42
  },
  "train_patients": 28235,
  "val_patients": 6050,
  "test_patients": 6051,
  "val_metrics": {
    "roc_auc": 0.8302528511225169,
    "average_precision": 0.0942699770866885,
    "recall": 0.6367131186929361,
    "precision": 0.06930460025629626,
    "f1": 0.12500294818274016,
    "confusion_matrix": [
      [
        191723,
        35587
      ],
      [
        1512,
        2650
      ]
    ],
    "positive_rate_true": 0.017980575561523438,
    "positive_rate_pred": 0.16519060620723025,
    "normalized_utility": 0.39631910022450045
  },
  "test_metrics": {
    "roc_auc": 0.8443810613604266,
    "average_precision": 0.1311454832384047,
    "recall": 0.6616595135908441,
    "precision": 0.07069883569845355,
    "f1": 0.12774772701116355,
    "confusion_matrix": [
      [
        193632,
        36476
      ],
      [
        1419,
        2775
      ]
    ],
    "positive_rate_true": 0.017899975180625916,
    "positive_rate_pred": 0.1675231111983679,
    "normalized_utility": 0.4186598302798108
  }
}