{
  "varmeans": [
    84.5869535746089,
    97.20840249204542,
    36.97827051883875,
    123.72514908938032,
    82.36818668757742,
    63.824592850629784,
    18.731446899229447,
    33.13140112050324,
    -0.6944660128622788,
    24.08070217811346,
    0.5675386304982907,
    7.378765458224755,
    41.076821803903506,
    92.69751712102396,
    272.8900775457067,
    23.96799469147553,
    103.61100308818483,
    7.560742278052683,
    105.85245485384631,
    1.5199111594597154,
    1.8976347162613083,
    136.97047572104245,
    2.6438565099426423,
    2.053856922044992,
    3.5460262620233562,
    4.1361338345120675,
    2.1709003512664142,
    8.356573834816524,
    30.768319150257746,
    10.427915233966164,
    41.205335093988026,
    11.423101908358467,
    285.68134328358207,
    195.42420073659125,
    61.9584919498191,
    0.5573103247683251,
    0.4930556620350636,
    0.5069443379649364,
    -55.0813366740838,
    26.961707822642108
  ],
  "varstds": [
    17.360215276696565,
    2.906852212889666,
    0.7728523653192052,
    23.21759784308949,
    16.322211235559482,
    13.911602495567497,
    5.107937628748382,
    7.89702076479515,
    4.2395707447368975,
    4.353736372476879,
    13.255445511065641,
    0.0742521599447145,
    9.244277942217325,
    10.871544719767599,
    878.7977372108909,
    19.988863521898157,
    126.19794393565257,
    2.427144345575693,
    5.931155469968967,
    1.8122547898367698,
    3.852885996836927,
    51.26123381460886,
    2.5163384320741193,
    0.4019336926476223,
    1.4199704292593611,
    0.6429958706633796,
    4.4433809909008515,
    23.715743190209597,
    5.473025739852309,
    1.9661056146290212,
    25.83837088659702,
    7.856699090421397,
    152.66132275743837,
    103.5222182658609,
    16.423319471591935,
    0.496704667457237,
    0.49995177384680195,
    0.49995177384680195,
    148.16640620015724,
    28.994763377151276
  ],
  "varlogmeans": [
    84.5869535746089,
    97.20840249204542,
    36.97827051883875,
    123.72514908938032,
    82.36818668757742,
    63.824592850629784,
    18.731446899229447,
    33.13140112050324,
    -0.6944660128622788,
    24.08070217811346,
    0.5675386304982907,
    7.378765458224755,
    41.076821803903506,
    92.69751712102396,
    4.131113698785134,
    2.922405727130987,
    4.389433410100006,
    7.560742278052683,
    105.85245485384631,
    0.10464671420259695,
    -0.5557786107439631,
    136.97047572104245,
    0.7083514107307691,
    2.053856922044992,
    3.5460262620233562,
    1.40860301638704,
    0.04469021736716198,
    -0.8224730462367696,
    30.768319150257746,
    10.427915233966164,
    3.6058935239357184,
    2.3081553315795142,
    5.526989138597079,
    195.42420073659125,
    61.9584919498191,
    0.5573103247683251,
    0.4930556620350636,
    0.5069443379649364,
    -55.0813366740838,
    26.961707822642108
  ],
  "varlogstds": [
    17.360215276696565,
    2.906852212889666,
    0.7728523653192052,
    23.21759784308949,
    16.322211235559482,
    13.911602495567497,
    5.107937628748382,
    7.89702076479515,
    4.2395707447368975,
    4.353736372476879,
    13.255445511065641,
    0.0742521599447145,
    9.244277942217325,
    10.871544719767599,
    1.3916315296243396,
    0.6973136281452629,
    0.6194514164247544,
    2.427144345575693,
    5.931155469968967,
    0.68671082891974,
    1.4937006752246884,
    51.26123381460886,
    0.6706779433836989,
    0.4019336926476223,
    1.4199704292593611,
    0.147725853791191,
    1.030507912966743,
    2.7299827646105,
    5.473025739852309,
    1.9661056146290212,
    0.42359742340485623,
    0.5167804739261456,
    0.5100096219881163,
    103.5222182658609,
    16.423319471591935,
    0.496704667457237,
    0.49995177384680195,
    0.49995177384680195,
    148.16640620015724,
    28.994763377151276
  ]
}